circRNA_id,probability
chr21:30358459|30359255|30358459|30358558|30359051|30359255|,0.7169846296895757
chr21:37711069|37717005|37711069|37711219|37713696|37713844|37716876|37717005|,0.920164295907687
chr21:37817925|37824028|37817925|37818305|37823967|37824028|,0.7404293827125374
chr21:38792600|38794168|38792600|38794168|,0.3420895379420441
chr21:47783394|47787054|47783394|47783849|47786498|47787054|,0.7657954985749048
